Business,4200
Economics,4926
Religion,9417
Church History,390
Social Science,850
Anthropology,1563
Accounting,1764
Music,1446
Psychology,5012
Chemistry,9343
Theater,895
Biology,7989
Fine Arts,964
History,4817
Political Science,4506
Science,2743
Interior Design,104
Humanities,1788
Mathematics,9391
Statistics,679
Art,499
Physiology,149
Agriculture,413
Geography,1387
Spanish,534
Physics,3106
Sociology,3308
Family & Consumer Science,175
Writing,316
Film,244
Philosophy,1444
Communication,2054
Computer Science,2007
Nutrition & Food Science,95
English,6637
Finance,398
Japanese,91
Geology,1071
Engineering,2530
Marriage Family & Human Dev,49
Languages,2673
Physical Sciences,129
Dance,253
Student Services,150
French,95
Health Science,902
Classical Studies,37
Literature,797
English Language & Literature,61
Information Systems,280
Mathematics Education,60
Classics,537
Exercise & Sport Science,229
Microbiology,108
Communication Disorders,167
Physical Education,86
Health & Physical Education,44
Russian,61
Art History,340
Foreign Languages,51
School of Family Life,29
German,149
Visual Arts,82
Linguistics,145
Family Studies,57
Social Work,339
Asian & Near Eastern Languages,18
Chemical Engineering,61
Business Administration,31
Human Development,49
Exercise Science,38
Chinese,50
Honors,15
Mechanical Engineering,213
Molecular Biosciences,21
Early Childhood Education,15
International Studies,328
Italian,24
Theatre & Media Arts,22
Civil Engineering,77
Electrical Engineering,82
Medicine,254
Law,350
Secondary Education,16
Recreation,29
Management,208
Physical Ed,147
Hebrew,9
Korean,9
Information Technology,12
Ancient Scripture,9
Scandinavian,96
Industrial Design,16
Elementary Education,13
Educational Leadership,8
French & Italian,24
Technology,7
Education,663
Arabic,41
Portuguese,5
Nursing,120
Organizational Ldrshp  Strat,5
Not Specified,117
Life Science,4
Criminal Justice,99
Nutrition  Food Science,3
University Studies,2
Latin American Studies,1
Aerospace Studies,9
Marketing,353
Women's Studies,277
Journalism,889
Ethnic Studies,160
Art & Art History,180
East Asian Studies,38
Theology,527
Genetics,73
Zoology,154
Spanish & Portuguese,192
Asian Studies,16
Environmental Studies,24
Pharmacy,69
Agricultural Economics,12
Design,137
Consumer Science,18
Nutrition,27
Kinesiology,158
East Asian Lang. & Literature,6
Rehabilitation Psychology,9
African Studies,55
Astronomy,179
Military Science,16
Oncology,1
Biomedical Engineering,1
Horticulture,349
Mathematical and Computer Sci.,91
Religious Studies,66
Foreign Languages & Literature,328
Computer Information Technology,48
Child & Family Studies,243
Business Management,44
Animal Science,111
Home & Family Studies,38
Academic Services,33
Architecture,297
Automotive Technology,30
Career & College Prep,13
Online Learning,38
Career Development,8
Latin,15
Health & Human Performance,5
General Studies,2
Library Science,1
Cultural Studies,294
Physics & Astronomy,224
Family Social Science,107
Materials Science,102
Genetics / Cell Biology & Dev.,46
Biological Sciences,89
Sign Language,29
Organizational Leadership,24
Human Resources,28
Graphic Arts,36
Speech/Language/Hearing Sci.,34
Communication Studies,37
Gender, Women, and Sex Studies,43
Educational Psychology,21
Information Decision Sciences,15
Chicano Studies,19
African-American Studies,42
Writing Studies,61
Curriculum & Instruction,19
Child Development,17
Asian Languages & Literatures,12
Food Science & Nutrition,25
Sports Management,11
Electrical & Comp. Engineering,12
Aerospace Eng. & Mechanics,11
Natural History,5
German & Scandinavian,5
Rhetoric,5
Center for Spiritual Health,5
Administration,1
Public Affairs,1
Theatre Arts & Dance,1
Anatomy,64
Art Education,68
Textiles & Clothing,61
Food Science,41
Comparative Studies,30
Biochemistry,22
Engineering Graphics Tech.,32
Hospitality Management,19
Environ. & Natural Resources,41
Industrial Engineering,37
Allied Health,16
Hospitality,15
Natural Resources,15
Aerospace Engineering,23
Speech & Hearing Sciences,22
Human Resource Management,26
Human Ecology,10
Persian,9
Near Eastern Studies,16
Public Policy,15
Agricultural Engineering,6
Slavic Languages,4
Public Administration,6
Neuroscience,4
Sports,3
Greek,5
Aviation,3
Public Health,3
Transportation & Logistics,2
Education & Human Ecology,1
